track_name,artist_name,album_name,album_type,release_year,explicit,played_at,duration_mins,song_genre
Special,Zyme,Special,single,2026,False,2026-05-21 00:22:50.087,1.58,Electronic
Memories (feat. Kid Cudi),David Guetta,One More Love,album,2010,False,2026-05-21 00:21:27.556,3.5,Electronica
Ole Ole 2.0,Amit Mishra,Jawaani Jaaneman (Original Motion Picture Soundtrack),single,2020,False,2026-05-21 00:18:15.197,2.41,Bollywood
REC2 FUNK,NostalgicRedux,REC2 FUNK,single,2026,False,2026-05-20 11:36:58.010,2.61,Unknown
REC2 FUNK,NostalgicRedux,REC2 FUNK,single,2026,False,2026-05-17 20:32:24.481,2.61,Unknown
REC2 FUNK,NostalgicRedux,REC2 FUNK,single,2026,False,2026-05-17 18:00:56.920,2.61,Unknown
Creepin' (Remix),Diddy,The Love Album: Off The Grid (Extended),album,2023,True,2026-05-17 16:02:28.276,3.88,Hip-Hop/Rap
Fancy Footwork,Chromeo,Fancy Footwork,album,2007,False,2026-05-16 20:37:51.054,3.3,Alternative
Ole Ole 2.0,Amit Mishra,Jawaani Jaaneman (Original Motion Picture Soundtrack),single,2020,False,2026-05-16 16:27:40.008,2.41,Bollywood
What is Love?,Harrdy Sandhu,What is Love? (Lofi Remix),single,2026,False,2026-05-16 16:15:33.823,2.82,Indian Pop
Headlights (feat. KIDDO),Alok,Headlights (feat. KIDDO),single,2022,False,2026-05-16 08:27:25.988,2.64,Dance
Get Away,Kungs,Out Loud,album,2026,False,2026-05-16 08:27:05.454,4.48,Electronic
Fancy Footwork,Chromeo,Fancy Footwork,album,2007,False,2026-05-15 20:15:05.996,3.3,Alternative
Fancy Footwork,Chromeo,Fancy Footwork,album,2007,False,2026-05-15 15:06:20.288,3.3,Alternative
State Lines,Novo Amor,Birthplace,album,2018,False,2026-05-15 15:05:24.593,3.48,Alternative
I'll Do It,Heidi Montag,Superficial,album,2010,False,2026-05-14 19:26:39.500,3.51,Pop
Bounce,Shubh,Chapter IV,single,2026,False,2026-05-14 19:23:09.464,2.38,Hip-Hop
O Mere Khuda,Atif Aslam,Prince (Original Motion Picture Soundtrack),album,2010,False,2026-05-14 19:20:39.435,3.38,Bollywood
You're U Tho,Karan Aujla,P-POP CULTURE,album,2025,False,2026-05-14 19:17:09.568,3.06,Pop
Kangna,Dr Zeus,Unda Da Influence,album,2003,False,2026-05-14 19:14:09.488,3.51,Worldwide
Let The Music Play - Original Vocal Mix,Shamur,Let The Music Play (Original Vocal Mix),single,2004,False,2026-05-14 19:10:39.407,3.7,Dance
Dracula,Tame Impala,Dracula,single,2025,True,2026-05-14 19:03:05.859,3.42,Alternative
Children,Robert Miles,Children (Dance Vault Mixes),single,1996,False,2026-05-14 18:59:36.144,4.05,Dance
Turn The Lights Off,Kato,Discolized,album,2010,False,2026-05-14 18:55:36.066,2.96,Dance
Tell Me Why - Radio Edit,Supermode,Tell Me Why,single,2006,False,2026-05-14 18:52:35.981,2.9,Dance
Say It Right,Luke Muzzic,Say It Right,single,2024,False,2026-05-14 18:49:35.901,3.71,Pop
Tera Chehra,Adnan Sami,Tera Chehra,album,2002,False,2026-05-14 18:45:35.749,6.54,Indian Pop
UNI,Rene Blue,UNI,single,2026,False,2026-05-14 18:39:05.954,3.63,Dance
Get Away,Kungs,Out Loud,album,2026,False,2026-05-14 18:35:36.265,4.48,Electronic
Lady - Hear Me Tonight,Modjo,Modjo (Remastered),album,2001,False,2026-05-14 18:30:36.155,5.12,Pop
You Don't Know Me (feat. Duane Harden) - Radio Edit,Armand Van Helden,You Don't Know Me (feat. Duane Harden),single,1998,False,2026-05-14 18:25:06.000,4.04,Electronic
Need You Now,APE,Need You Now,single,2025,False,2026-05-14 18:21:05.992,3.03,Country
Forever - Extended Version,TOOTIMES,Hybride,album,2025,False,2026-05-14 18:14:05.926,4.59,House
Forever - Extended Version,TOOTIMES,Hybride,album,2025,False,2026-05-14 17:25:34.572,4.59,House
UNI,Rene Blue,UNI,single,2026,False,2026-05-14 17:03:23.425,3.63,Dance
Tera Chehra,Adnan Sami,Tera Chehra,album,2002,False,2026-05-13 20:14:24.267,6.54,Indian Pop
Tera Chehra,Adnan Sami,Tera Chehra,album,2002,False,2026-05-13 16:20:29.203,6.54,Indian Pop
Say It Right,Luke Muzzic,Say It Right,single,2024,False,2026-05-13 10:23:49.603,3.71,Pop
Children,Robert Miles,Children (Dance Vault Mixes),single,1996,False,2026-05-13 10:23:45.058,4.05,Dance
Turn The Lights Off,Kato,Discolized,album,2010,False,2026-05-13 10:23:44.785,2.96,Dance
Tell Me Why - Radio Edit,Supermode,Tell Me Why,single,2006,False,2026-05-13 10:23:44.755,2.9,Dance
Escanor theme,Crystilo,Escanor theme,single,2014,False,2026-05-13 10:23:44.198,2.1,Instrumental
Escanor theme,Crystilo,Escanor theme,single,2014,False,2026-05-13 10:23:43.098,2.1,Instrumental
Escanor theme,Crystilo,Escanor theme,single,2014,False,2026-05-12 03:12:45.147,2.1,Instrumental
Say It Right,Luke Muzzic,Say It Right,single,2024,False,2026-05-11 18:32:33.239,3.71,Pop
Say It Right,Luke Muzzic,Say It Right,single,2024,False,2026-05-11 18:28:38.307,3.71,Pop
Say It Right,Luke Muzzic,Say It Right,single,2024,False,2026-05-11 18:21:10.508,3.71,Pop
Say It Right - 8D Audio,Luke Muzzic,Say It Right,single,2024,False,2026-05-11 17:48:54.616,3.71,Pop
Children,Robert Miles,Children (Dance Vault Mixes),single,1996,False,2026-05-11 17:38:29.291,4.05,Dance
Turn The Lights Off,Kato,Discolized,album,2010,False,2026-05-10 18:19:43.286,2.96,Dance
Tell Me Why - Radio Edit,Supermode,Tell Me Why,single,2006,False,2026-05-10 18:16:43.259,2.9,Dance
NEVER REALLY MATTERED,Akon,NEVER REALLY MATTERED,single,2025,False,2026-05-10 16:01:06.946,3.33,R&B/Soul
Obvious,Chris Brown,Obvious,single,2026,True,2026-05-09 21:25:58.638,3.1,R&B/Soul
Echo,The Chainsmokers,Echo,single,2026,False,2026-05-09 21:22:58.501,3.66,Dance
State Lines,Novo Amor,Birthplace,album,2018,False,2026-05-09 21:19:28.351,3.48,Alternative
I'll Do It,Heidi Montag,Superficial,album,2010,False,2026-05-09 21:15:58.592,3.51,Pop
I'll Do It,Heidi Montag,Superficial,album,2010,False,2026-05-09 21:12:28.219,3.51,Pop
Bounce,Shubh,Chapter IV,single,2026,False,2026-05-09 21:08:58.193,2.38,Hip-Hop
O Mere Khuda,Atif Aslam,Prince (Original Motion Picture Soundtrack),album,2010,False,2026-05-09 21:06:29.121,3.38,Bollywood
You're U Tho,Karan Aujla,P-POP CULTURE,album,2025,False,2026-05-09 21:02:58.933,3.06,Pop
Kangna,Dr Zeus,Unda Da Influence,album,2003,False,2026-05-09 20:59:58.556,3.51,Worldwide
Dracula,Tame Impala,Dracula,single,2025,True,2026-05-09 20:55:58.305,3.42,Alternative
Children,Robert Miles,Children (Dance Vault Mixes),single,1996,False,2026-05-09 20:52:29.940,4.05,Dance
Turn The Lights Off,Kato,Discolized,album,2010,False,2026-05-09 20:48:28.110,2.96,Dance
Tell Me Why - Radio Edit,Supermode,Tell Me Why,single,2006,False,2026-05-09 20:45:32.078,2.9,Dance
Sacred Play Secret Place,matryoshka,Laideronnette,album,2012,False,2026-05-09 17:35:20.552,5.29,Alternative
Dexter - The blood theme,Geek Music,Dexter - The Blood Theme,single,2016,False,2026-05-08 20:36:05.672,2.22,Unknown
Softcore,The Neighbourhood,Hard To Imagine The Neighbourhood Ever Changing,album,2018,False,2026-05-08 20:34:03.744,3.44,Alternative
Est-ce que tu m'aimes ? - Pilule bleue,GIMS,Mon coeur avait raison,album,2015,False,2026-05-08 20:30:33.337,3.95,Hip-Hop/Rap
Lady - Hear Me Tonight,Modjo,Modjo (Remastered),album,2001,False,2026-05-08 20:26:33.275,5.12,Pop
Freakin’ Out,Dexter and The Moonrocks,Freakin’ Out,single,2026,False,2026-05-08 20:21:33.211,3.63,Rock
Free Bird,MOONLGHT,Free Bird,single,2024,True,2026-05-08 20:18:03.169,1.91,Electronic
Lost in the Fire (feat. The Weeknd),Gesaffelstein,Hyperion,album,2019,True,2026-05-08 20:16:03.571,3.37,Alternative
SWIM,BTS,ARIRANG,album,2026,False,2026-05-08 20:12:33.180,2.65,Pop
Say It,Tory Lanez,R&Bae,compilation,2017,True,2026-05-08 20:10:03.144,3.96,Hip-Hop/Rap
Lady Of Namek,Tory Lanez,Alone At Prom,album,2021,True,2026-05-08 20:06:03.528,3.23,Jazz
Luv,Tory Lanez,Reggae Gold 2017,compilation,2017,True,2026-05-08 20:02:33.398,3.75,R&B/Soul
HEAVENLY JUMPSTYLE,TWXNY,HEAVENLY JUMPSTYLE,single,2025,False,2026-05-08 19:59:03.214,1.91,Baile Funk
HEAVENLY JUMPSTYLE - Ultra Slowed,TWXNY,HEAVENLY JUMPSTYLE (Versions),single,2025,False,2026-05-08 19:57:03.432,2.7,Baile Funk
Beat It,Michael Jackson,"HIStory - PAST, PRESENT AND FUTURE - BOOK I",album,1995,False,2026-05-08 19:54:03.370,4.3,Pop
Клетка,Molchat Doma,Этажи,album,2018,False,2026-05-08 19:50:03.543,4.72,Alternative
secret base ～君がくれたもの～,ZONE,E 〜Complete A side Singles〜,compilation,2005,False,2026-05-08 19:45:03.364,4.92,Anime
NEVER REALLY MATTERED,Akon,NEVER REALLY MATTERED,single,2025,False,2026-05-08 19:40:03.549,3.33,R&B/Soul
Obvious,Chris Brown,Obvious,single,2026,True,2026-05-08 19:37:03.320,3.1,R&B/Soul
I'll Do It,Heidi Montag,Superficial,album,2010,False,2026-05-08 19:30:33.240,3.51,Pop
Bounce,Shubh,Chapter IV,single,2026,False,2026-05-08 19:27:03.458,2.38,Hip-Hop
You're U Tho,Karan Aujla,P-POP CULTURE,album,2025,False,2026-05-08 19:24:33.292,3.06,Pop
Kangna,Dr Zeus,Unda Da Influence,album,2003,False,2026-05-08 17:26:26.220,3.51,Worldwide
Tell Me Why - Radio Edit,Supermode,Tell Me Why,single,2006,False,2026-05-08 17:22:56.384,2.9,Dance
myself,Artemas,more than just a little bit,single,2026,True,2026-05-08 17:13:09.444,2.48,Unknown
more than just a little bit,Artemas,more than just a little bit,single,2026,True,2026-05-08 17:13:09.418,2.67,Unknown
Softcore,The Neighbourhood,Hard To Imagine The Neighbourhood Ever Changing,album,2018,False,2026-05-08 17:10:09.379,3.44,Alternative
Est-ce que tu m'aimes ? - Pilule bleue,GIMS,Mon coeur avait raison,album,2015,False,2026-05-08 17:06:46.139,3.95,Hip-Hop/Rap
Lady - Hear Me Tonight,Modjo,Modjo (Remastered),album,2001,False,2026-05-08 17:03:10.094,5.12,Pop
Say It,Tory Lanez,R&Bae,compilation,2017,True,2026-05-08 16:55:39.151,3.96,Hip-Hop/Rap
Lady Of Namek,Tory Lanez,Alone At Prom,album,2021,True,2026-05-08 16:51:39.333,3.23,Jazz
Luv,Tory Lanez,Reggae Gold 2017,compilation,2017,True,2026-05-08 16:48:39.454,3.75,R&B/Soul
Beat It,Michael Jackson,"HIStory - PAST, PRESENT AND FUTURE - BOOK I",album,1995,False,2026-05-08 16:44:39.246,4.3,Pop
Клетка,Molchat Doma,Этажи,album,2018,False,2026-05-08 16:40:09.381,4.72,Alternative
secret base ～君がくれたもの～,ZONE,E 〜Complete A side Singles〜,compilation,2005,False,2026-05-08 16:35:39.584,4.92,Anime
NEVER REALLY MATTERED,Akon,NEVER REALLY MATTERED,single,2025,False,2026-05-08 16:30:39.444,3.33,R&B/Soul
Obvious,Chris Brown,Obvious,single,2026,True,2026-05-08 16:27:39.273,3.1,R&B/Soul
aquatic ambience,Scizzie,aquatic ambience,single,2022,False,2026-05-08 16:23:11.223,2.06,Hip-Hop
Dracula,Tame Impala,Dracula,single,2025,True,2026-05-08 14:11:51.024,3.42,Alternative
Children,Robert Miles,Children (Dance Vault Mixes),single,1996,False,2026-05-08 14:08:21.550,4.05,Dance
Turn The Lights Off,Kato,Discolized,album,2010,False,2026-05-08 14:03:57.298,2.96,Dance
Lost in the Fire (feat. The Weeknd),Gesaffelstein,Hyperion,album,2019,True,2026-05-07 19:29:23.446,3.37,Alternative
SWIM,BTS,ARIRANG,album,2026,False,2026-05-07 18:20:33.208,2.65,Pop
Say It,Tory Lanez,R&Bae,compilation,2017,True,2026-05-07 18:17:33.310,3.96,Hip-Hop/Rap
Lady Of Namek,Tory Lanez,Alone At Prom,album,2021,True,2026-05-07 18:13:33.453,3.23,Jazz
Luv,Tory Lanez,Reggae Gold 2017,compilation,2017,True,2026-05-07 18:10:33.730,3.75,R&B/Soul
HEAVENLY JUMPSTYLE,TWXNY,HEAVENLY JUMPSTYLE,single,2025,False,2026-05-07 18:06:33.207,1.91,Baile Funk
HEAVENLY JUMPSTYLE - Ultra Slowed,TWXNY,HEAVENLY JUMPSTYLE (Versions),single,2025,False,2026-05-07 18:05:03.295,2.7,Baile Funk
Beat It,Michael Jackson,"HIStory - PAST, PRESENT AND FUTURE - BOOK I",album,1995,False,2026-05-07 18:02:03.693,4.3,Pop
Клетка,Molchat Doma,Этажи,album,2018,False,2026-05-07 17:58:03.430,4.72,Alternative
secret base ～君がくれたもの～,ZONE,E 〜Complete A side Singles〜,compilation,2005,False,2026-05-07 17:53:03.484,4.92,Anime
Obvious,Chris Brown,Obvious,single,2026,True,2026-05-07 17:47:26.035,3.1,R&B/Soul
Children - Dream Version,Robert Miles,Dreamland,album,1996,False,2026-05-07 17:40:16.012,7.1,Pop
Children - Dream Version,Robert Miles,Dreamland,album,1996,False,2026-05-07 15:43:35.278,7.1,Pop
Lady Of Namek,Tory Lanez,Alone At Prom,album,2021,True,2026-05-07 04:55:33.580,3.23,Jazz
Luv,Tory Lanez,Reggae Gold 2017,compilation,2017,True,2026-05-06 20:29:04.051,3.75,R&B/Soul
HEAVENLY JUMPSTYLE,TWXNY,HEAVENLY JUMPSTYLE,single,2025,False,2026-05-06 20:25:04.103,1.91,Baile Funk
HEAVENLY JUMPSTYLE - Ultra Slowed,TWXNY,HEAVENLY JUMPSTYLE (Versions),single,2025,False,2026-05-06 20:23:34.206,2.7,Baile Funk
Beat It,Michael Jackson,"HIStory - PAST, PRESENT AND FUTURE - BOOK I",album,1995,False,2026-05-06 20:20:34.141,4.3,Pop
Клетка,Molchat Doma,Этажи,album,2018,False,2026-05-06 20:16:33.960,4.72,Alternative
NEVER REALLY MATTERED,Akon,NEVER REALLY MATTERED,single,2025,False,2026-05-06 20:07:05.319,3.33,R&B/Soul
Obvious,Chris Brown,Obvious,single,2026,True,2026-05-06 20:04:04.221,3.1,R&B/Soul
Free Bird,MOONLGHT,Free Bird,single,2024,True,2026-05-06 20:00:34.364,1.91,Electronic
Lost in the Fire (feat. The Weeknd),Gesaffelstein,Hyperion,album,2019,True,2026-05-06 19:58:43.790,3.37,Alternative
Mayonaka no Door~stay with me - Original club mix,Miki Matsubara,Pocket Park (Remastered),album,2009,False,2026-05-06 19:55:13.750,5.77,J-Pop
SWIM,BTS,ARIRANG,album,2026,False,2026-05-06 19:49:43.620,2.65,Pop
Say It,Tory Lanez,R&Bae,compilation,2017,True,2026-05-06 19:46:43.922,3.96,Hip-Hop/Rap
Lady Of Namek,Tory Lanez,Alone At Prom,album,2021,True,2026-05-06 19:42:43.696,3.23,Jazz
Luv,Tory Lanez,Reggae Gold 2017,compilation,2017,True,2026-05-06 19:39:43.710,3.75,R&B/Soul
HEAVENLY JUMPSTYLE,TWXNY,HEAVENLY JUMPSTYLE,single,2025,False,2026-05-06 19:35:43.755,1.91,Baile Funk
HEAVENLY JUMPSTYLE - Ultra Slowed,TWXNY,HEAVENLY JUMPSTYLE (Versions),single,2025,False,2026-05-06 19:34:13.790,2.7,Baile Funk
Beat It,Michael Jackson,"HIStory - PAST, PRESENT AND FUTURE - BOOK I",album,1995,False,2026-05-06 19:31:13.608,4.3,Pop
Клетка,Molchat Doma,Этажи,album,2018,False,2026-05-06 19:27:13.809,4.72,Alternative
secret base ～君がくれたもの～,ZONE,E 〜Complete A side Singles〜,compilation,2005,False,2026-05-06 19:22:13.761,4.92,Anime
NEVER REALLY MATTERED,Akon,NEVER REALLY MATTERED,single,2025,False,2026-05-06 19:17:14.063,3.33,R&B/Soul
Obvious,Chris Brown,Obvious,single,2026,True,2026-05-06 19:14:13.577,3.1,R&B/Soul
Children - Dream Version,Robert Miles,Dreamland,album,1996,False,2026-05-06 19:07:43.985,7.1,Pop
Turn The Lights Off,Kato,Discolized,album,2010,False,2026-05-06 19:00:13.677,2.96,Dance
New Type of Hero(《凸變英雄X》動畫原聲帶),Chatterbox,New Type of Hero(《凸變英雄X》動畫原聲帶),single,2022,False,2026-05-06 18:54:14.743,3.27,Anime
Obvious,Chris Brown,Obvious,single,2026,True,2026-05-05 18:15:53.130,3.1,R&B/Soul
Turn The Lights Off,Kato,Discolized,album,2010,False,2026-05-05 18:09:25.079,2.96,Dance
Children,Robert Miles,Children (Dance Vault Mixes),single,1996,False,2026-05-05 17:38:08.716,4.05,Dance
METAMORPHOSIS,INTERWORLD,METAMORPHOSIS,single,2021,True,2026-05-04 14:43:55.513,2.38,Electronic
plane,yung lithium,lil junkie,single,2025,True,2026-05-04 14:35:51.016,1.8,Unknown
Angel Numbers / Ten Toes,Chris Brown,11:11,album,2023,True,2026-05-02 18:52:08.794,5.11,R&B/Soul
KINGSBLOOD,Kala,KINGSBLOOD,single,2025,False,2026-05-02 18:49:20.814,3.53,Anime
"Mystical Adventure (From ""Dragon Ball"")",CyYu,"Mystical Adventure (From ""Dragon Ball"")",single,2017,False,2026-05-02 18:33:06.930,1.84,Unknown
Free,Rumi,KPop Demon Hunters (Soundtrack from the Netflix Film),album,2025,False,2026-05-02 18:31:21.415,3.13,K-Pop
Obvious,Chris Brown,Obvious,single,2026,True,2026-05-02 18:27:36.899,3.1,R&B/Soul
Luv,Tory Lanez,Reggae Gold 2017,compilation,2017,True,2026-05-02 17:08:58.349,3.75,R&B/Soul
aquatic ambience,Scizzie,aquatic ambience,single,2022,False,2026-05-02 02:41:19.622,2.06,Hip-Hop
